"id","school_id","studytour_content","create_by","create_date","update_by","update_date","remarks","del_flag"
"011228e4018a4f359eede6bf917c6a12","5d963e08a4c04e15bc7a11ee58268300","2015.2新西兰43人；2016.2新西兰28人；2017.2新西兰17人
","f6cfbc34972843baa12fc15389374404","2018-03-29 15:25:59","f6cfbc34972843baa12fc15389374404","2018-03-29 15:25:59",NULL,"0"
"058816139aea41138ba5e66d373ed65f","9fd2263ba82d425cb6e8f0dd3c47e915","2014.7新西兰6人；2015.7澳大利亚13人；2016.7新西兰28人；2018.2新西兰33人				
","f6cfbc34972843baa12fc15389374404","2018-03-29 17:30:27","f6cfbc34972843baa12fc15389374404","2018-03-29 17:30:27",NULL,"0"
"059a236d8e5642a88fbb0e43cbb3f5fc","260b690a16b243c4a42c02a01b353ad3","2015.2新西兰22人；2016.7新西兰9人","f6cfbc34972843baa12fc15389374404","2018-03-29 18:05:47","f6cfbc34972843baa12fc15389374404","2018-03-29 18:05:47",NULL,"0"
"0689bedb55d449078d3e13e1c6806767","b72575a46d964e6eb1f8cf0a11f73088","2014.7新西兰5人；2015.2新西兰32人；2017.7新西兰29人	","f6cfbc34972843baa12fc15389374404","2018-03-30 06:51:57","f6cfbc34972843baa12fc15389374404","2018-03-30 06:51:57",NULL,"0"
"08ea2a011c014ff6a4dc7cac421b9cf9","3cdda1b92c2549648b10497564e7ca9e","2016.2美国7人","f6cfbc34972843baa12fc15389374404","2018-03-29 18:08:44","f6cfbc34972843baa12fc15389374404","2018-03-29 18:08:44",NULL,"0"
"0a5ece0065c1420ea1b45cf62cd459ac","311b8958e7b148fd836769336a7fc6ec","2015.7澳大利亚22人；2016.7英国28人；2017.7美国22人
","f6cfbc34972843baa12fc15389374404","2018-03-29 15:26:20","f6cfbc34972843baa12fc15389374404","2018-03-29 15:26:20",NULL,"0"
"0a71db4940e5403f8373cc58b822855b","7fb36f1e00434642a699b942717d3dc7","2015.7新西兰15人；2018.2新西兰16人			","f6cfbc34972843baa12fc15389374404","2018-03-29 17:22:19","f6cfbc34972843baa12fc15389374404","2018-03-29 17:22:19",NULL,"0"
"0aed789ccbd744aca29c79408d9d2748","74bc894543d240a29ec112cd802b6265","2015.2新西兰13人；2016.2新西兰8人；2017.2新西兰17人；18.2新西兰18人","f6cfbc34972843baa12fc15389374404","2018-03-29 17:37:27","f6cfbc34972843baa12fc15389374404","2018-04-03 15:32:59",NULL,"0"
"0af887c230ac42ea8a4b2838534dd289","7a76eef3e28d409a885a8abb809de722","2014.7新西兰13人；2015.2新西兰17人；2016.2新西兰9人；2017.2新西兰12人；2018.2新西兰13人
","f6cfbc34972843baa12fc15389374404","2018-03-29 18:14:21","f6cfbc34972843baa12fc15389374404","2018-03-29 18:14:21",NULL,"0"
"0b1c61c4348f400599d7b7b632d21db2","356c6470e87a45c59a02fcd35d7870da","2015.7新西兰3人；2017.2新西兰1人；2018.2新西兰8人","f6cfbc34972843baa12fc15389374404","2018-03-29 18:20:13","f6cfbc34972843baa12fc15389374404","2018-03-29 18:20:13",NULL,"0"
"0bd44a36407b489abbceba9f8656b374","3d439bd50dda405aa77262f0e03edde6","2014.7新西兰8人；2015.7新西兰9人","f6cfbc34972843baa12fc15389374404","2018-03-29 18:49:22","f6cfbc34972843baa12fc15389374404","2018-03-29 18:49:22",NULL,"0"
"1421514c751c478283d488874be4ae4c","ff980774a05448a5b56c6b7ff902ba06","2015.2新西兰24人；2016.2新西兰4人；2017.2新西兰18人；2018.2新西兰9人","f6cfbc34972843baa12fc15389374404","2018-04-13 08:26:46","f6cfbc34972843baa12fc15389374404","2018-04-13 08:26:46",NULL,"0"
"150251d1a7a6402f8ef8a305b4289cc9","268f84aee87b48af88922b5ab6715e18","2016.2新西兰5人；2017.2新西兰1人","f6cfbc34972843baa12fc15389374404","2018-04-13 08:24:13","f6cfbc34972843baa12fc15389374404","2018-04-13 08:24:13",NULL,"0"
"170eae36da634cdd95d0d52e9524cc87","d7e8bc50d60a448b990d79f1f43ea077","2015.7新西兰16人；2017.2新西兰20人","f6cfbc34972843baa12fc15389374404","2018-03-29 17:36:00","f6cfbc34972843baa12fc15389374404","2018-03-29 17:36:00",NULL,"0"
"1892da5d156347a88bbd359fd792ffbb","cec2e4c5ad204ef6925c914e255b3c67","2015.2新西兰17人；2017.2新西兰14人	
","f6cfbc34972843baa12fc15389374404","2018-03-29 20:21:39","f6cfbc34972843baa12fc15389374404","2018-03-29 20:21:39",NULL,"0"
"190e31c22d1b4db4812de56256dff80e","d07a4fdace104e6bb387973adcfa4afd","2014.7新西兰6人；2015.7澳大利亚13人；2016.7新西兰28人；2018.2新西兰33人			","f6cfbc34972843baa12fc15389374404","2018-03-30 06:50:50","f6cfbc34972843baa12fc15389374404","2018-03-30 06:50:50",NULL,"0"
"1a025b526ebc48cdaba9e06db481ee70","822b10fb2fba4f2690323b67874ff7b5","颠三倒四","f6cfbc34972843baa12fc15389374404","2018-03-29 09:07:27","f6cfbc34972843baa12fc15389374404","2018-03-29 09:08:01",NULL,"1"
"1c728ac1e55145049b59afacad1efc7d","0ca34ff77c364f07b6fe8d68be668656","2015.2新西兰31人；2015.7新西兰24人","f6cfbc34972843baa12fc15389374404","2018-03-29 19:57:50","f6cfbc34972843baa12fc15389374404","2018-03-29 19:57:50",NULL,"0"
"2109f7ea46f24034847e3289b9955dc9","c9f25b457dde4119b85ed96eef7e74d2","2014.7新西兰11人；2015.7新西兰13人；2016.7新西兰11人；2017.7 新西兰11人		
","f6cfbc34972843baa12fc15389374404","2018-04-16 11:24:17","f6cfbc34972843baa12fc15389374404","2018-04-16 11:24:17",NULL,"0"
"2318151c55b94acd9efc6737c95a6a37","d2cd737682ea4037bb6b91c2269f2a73","2017.2新西兰15人；2018.2新西兰23人
","f6cfbc34972843baa12fc15389374404","2018-03-29 18:53:12","f6cfbc34972843baa12fc15389374404","2018-03-29 18:53:12",NULL,"0"
"27205159a59341379ae4707a5d9a88be","ce41929965534de5be715155d37da9da","2017.2新西兰22人；2018.2新西兰17人	
","f6cfbc34972843baa12fc15389374404","2018-03-29 18:12:46","f6cfbc34972843baa12fc15389374404","2018-03-29 18:12:46",NULL,"0"
"29b393fd0e1c4d7b8b74261c94596e38","28ae96dc8b30405ea42d610508400d14","2016.2新西兰8人；2017.2新西兰20人；2018.2新西兰11人
","f6cfbc34972843baa12fc15389374404","2018-03-29 17:43:05","f6cfbc34972843baa12fc15389374404","2018-03-29 17:43:05",NULL,"0"
"2d312bc486ce4b50aa510ce190374840","03c9655cfc98415394c621c4c4826fec","2014.7澳新18人；2015.7澳新9人；2016.7新西兰27人；2017.7新西兰19人","f6cfbc34972843baa12fc15389374404","2018-03-29 16:11:59","f6cfbc34972843baa12fc15389374404","2018-03-29 16:11:59",NULL,"0"
"2dd5ddadf61440f0b9c8edc0786c13be","722175a8e57a47a582b9943a39d9d291","2014.7新西兰13人；2015.2新西兰17人；2016.2新西兰9人；2017.2新西兰12人；2018.2新西兰13人

","f6cfbc34972843baa12fc15389374404","2018-04-13 08:25:33","f6cfbc34972843baa12fc15389374404","2018-04-13 08:25:33",NULL,"0"
"33fc93418c4d4978a9af6e9124f55ebe","a0e058de28004c9cb190699e6ba08126","2015.2新西兰43人；2016.2新西兰28人；2017.2新西兰17人	
","f6cfbc34972843baa12fc15389374404","2018-03-29 19:56:05","f6cfbc34972843baa12fc15389374404","2018-03-29 19:56:05",NULL,"0"
"35628b11a1d0402ab00aee4393bce260","822b10fb2fba4f2690323b67874ff7b5","2015.7新西兰10人
","f6cfbc34972843baa12fc15389374404","2018-03-28 17:48:55","f6cfbc34972843baa12fc15389374404","2018-03-28 17:50:00",NULL,"1"
"365103b8369c487cbf96961d2c092be3","29a102d4907843c1a07f8dd20d8a9800","学校初中部走过两次美国、1次新加坡、2次新西兰，小学走过1次澳大利亚","03373ef3d26e4a6cb6f8a6b4fb5f1314","2018-05-02 20:15:16","03373ef3d26e4a6cb6f8a6b4fb5f1314","2018-05-02 20:15:16",NULL,"0"
"39e12766ef6c4395b5e0f0dd34a1a12a","123afd90e76447e79a45a07d4875d46e","2015.7新西兰4人；2016.7新西兰5人；2017.7 新西兰12人","f6cfbc34972843baa12fc15389374404","2018-03-29 16:13:23","f6cfbc34972843baa12fc15389374404","2018-03-29 16:13:23",NULL,"0"
"41202ed74a1446909d4d64f34eb428a3","efb8b2c964c44be49a3cc90b90d2b195","2014.7新西兰7人；2016.7新西兰16人
","f6cfbc34972843baa12fc15389374404","2018-03-29 15:27:57","f6cfbc34972843baa12fc15389374404","2018-03-29 15:27:57",NULL,"0"
"41f51f94500f49e5804893cdc65d6396","66de0bafe62349aa8d942b7d4624ea29","2015.2新西兰38人","f6cfbc34972843baa12fc15389374404","2018-03-29 16:58:27","f6cfbc34972843baa12fc15389374404","2018-03-29 16:58:27",NULL,"0"
"438eea942f4e4d8c965bd9f89ba47fc5","73e7f4fa069d4e4a848b43109696e835","2015.2新西兰15人；2017.2新西兰10人","f6cfbc34972843baa12fc15389374404","2018-05-10 10:55:40","f6cfbc34972843baa12fc15389374404","2018-05-10 10:55:40",NULL,"0"
"4424f3085d544d82ad109395186146b3","b617a51eb15647e890419ceb17b12ac9","2015.7新西兰17人；2017.2新西兰20人","f6cfbc34972843baa12fc15389374404","2018-03-30 07:00:36","f6cfbc34972843baa12fc15389374404","2018-03-30 07:00:36",NULL,"0"
"47da99e31c5045528d77433728896f55","87c63276dbcb458d992ebbe1f860e65c","2016.2新西兰29人；2017.2新西兰32人；2018.2新西兰33人			
","f6cfbc34972843baa12fc15389374404","2018-03-29 17:26:44","f6cfbc34972843baa12fc15389374404","2018-03-29 17:26:44",NULL,"0"
"47fd2dd83efb445284681582dd4ec568","566840184c0e430682420111267d017b","2015.2新西兰10人","f6cfbc34972843baa12fc15389374404","2018-03-29 18:07:08","f6cfbc34972843baa12fc15389374404","2018-03-29 18:07:08",NULL,"0"
"4ee8c50333a4415eb56b7b9456591d12","fa8f114c4e8a437e8fc4eb4bb9f47bcf","2015.2新西兰31人；2015.7新西兰24人
","f6cfbc34972843baa12fc15389374404","2018-03-29 15:24:22","f6cfbc34972843baa12fc15389374404","2018-03-29 15:24:22",NULL,"0"
"522be75c6ade440698fc83287935393b","3c2b958cbcf844c5afbd0e6c1e17a642","2015.7澳大利亚22人；2016.7英国28人；2017.7美国22人
","f6cfbc34972843baa12fc15389374404","2018-03-28 17:43:37","f6cfbc34972843baa12fc15389374404","2018-03-28 17:43:52",NULL,"1"
"54588b9f4ad44538b32710d5b8bbf470","64f875d7eabe44049a0c8cf6bfb5e5be","2018.2新西兰48人（分两批走）","f6cfbc34972843baa12fc15389374404","2018-05-10 10:57:43","f6cfbc34972843baa12fc15389374404","2018-05-10 10:57:43",NULL,"0"
"56438c673b3b4fd99a1d95da0c049fa0","bd6d623673244244856f2f4a11ec489a","2017.2新西兰12人；2018.2英国14人","f6cfbc34972843baa12fc15389374404","2018-05-10 14:25:20","f6cfbc34972843baa12fc15389374404","2018-05-10 14:25:20",NULL,"0"
"56cd4e2bef254085bf338b3dd59fde56","55a79a5b10324d62b526b3782bb70c75","2016.2新西兰5人；2017.2新西兰1人","f6cfbc34972843baa12fc15389374404","2018-03-29 18:22:33","f6cfbc34972843baa12fc15389374404","2018-03-29 18:22:33",NULL,"0"
"571b33a6b00a440d98c14c3015405cbe","50a0ef93b6ad4f0d8a194f1c01669add","2017.2新西兰23人	","f6cfbc34972843baa12fc15389374404","2018-05-10 10:57:06","f6cfbc34972843baa12fc15389374404","2018-05-10 10:57:06",NULL,"0"
"57ba737de73545098e557647946c3da4","1841f89951624cca99605ce282ee8f59","2015.7新西兰17人；2016.7新西兰26人	","f6cfbc34972843baa12fc15389374404","2018-03-29 20:23:59","f6cfbc34972843baa12fc15389374404","2018-03-29 20:23:59",NULL,"0"
"5810f5219ed14e718a37936fdd14939b","d2e6c82d498e4240a51375ff86481a43","2015.2新西兰41人；2016.2新西兰10人；2017.2新西兰33人；2018.2新西兰19人				
","f6cfbc34972843baa12fc15389374404","2018-03-29 19:54:43","f6cfbc34972843baa12fc15389374404","2018-03-29 19:54:43",NULL,"0"
"583ca9a2aa9543018165e8bb62cad19a","41458ef0e287484198c8906d49c1e475","2015.7新西兰3人；2017.2新西兰1人；2018.2新西兰8人","f6cfbc34972843baa12fc15389374404","2018-04-13 08:30:05","f6cfbc34972843baa12fc15389374404","2018-04-13 08:30:05",NULL,"0"
"584bec90f5a4423ab504484e9a0fe402","3e7e4fc7a50f459aa0703492d9ef8c16","2014.7新西兰11人；2015.7新西兰13人；2016.7新西兰11人；2017.7 新西兰11人		
","f6cfbc34972843baa12fc15389374404","2018-03-29 16:18:57","f6cfbc34972843baa12fc15389374404","2018-03-29 16:18:57",NULL,"0"
"5bf9b13a292548edb8a39df1bddb3676","c3a7d94ac2c94be485a7309ef6291a9a","2015.2新西兰24人；2016.2新西兰4人；2017.2新西兰18人；2018.2新西兰9人","f6cfbc34972843baa12fc15389374404","2018-03-29 18:18:49","f6cfbc34972843baa12fc15389374404","2018-03-29 18:18:49",NULL,"0"
"5cdb3c34dd52489d901b978876c6cbd7","d9e0ad89907f41c4bf55aa6765c3fe95","2016.2新西兰29人；2017.2新西兰32人；2018.2新西兰33人
","f6cfbc34972843baa12fc15389374404","2018-03-30 06:45:42","f6cfbc34972843baa12fc15389374404","2018-03-30 06:45:42",NULL,"0"
"5d4dd7e3acce461190fa535d300f9e1c","ed64dea5b8f24d03a6c7e341c0b0769c","2017.7新西兰7人","f6cfbc34972843baa12fc15389374404","2018-03-29 20:14:29","f6cfbc34972843baa12fc15389374404","2018-03-29 20:14:29",NULL,"0"
"5ea9cd65d0f64aa6b12e3171b523026f","c372831efc0f46119a2efafaa83f1d25","2015.2新西兰3人				
","f6cfbc34972843baa12fc15389374404","2018-03-29 18:11:43","f6cfbc34972843baa12fc15389374404","2018-03-29 18:11:43",NULL,"0"
"60ef9296534f4ea1bb8b20c98b73e830","a9675ce83895471bb2c58a0980b3cf9c","2014.7新西兰11人；2015.7新西兰6人；2016.7新西兰12人；2017.7新西兰33人
","f6cfbc34972843baa12fc15389374404","2018-03-29 16:01:51","f6cfbc34972843baa12fc15389374404","2018-03-29 16:01:51",NULL,"0"
"6101a883b67046feafe0c226bfe736f7","c1eb1d43b7a94de49d498436640f701c","","f6cfbc34972843baa12fc15389374404","2018-03-28 16:42:48","f6cfbc34972843baa12fc15389374404","2018-03-28 17:43:37",NULL,"1"
"61d3f6d497e1490ea11f87d0d250c88d","7d46a6f8b76f49929d9703d09d470276","2015.2新西兰32人	","f6cfbc34972843baa12fc15389374404","2018-03-29 19:58:49","f6cfbc34972843baa12fc15389374404","2018-03-29 19:58:49",NULL,"0"
"62081dc745ee42d59458841686589f39","5ab5a3e1304b491384837da336c5ce61","2014.7新西兰40人；2015.7新西兰41人；2016.7新西兰45人；2017.7新西兰38人		","f6cfbc34972843baa12fc15389374404","2018-03-29 17:02:35","f6cfbc34972843baa12fc15389374404","2018-03-29 17:02:35",NULL,"0"
"65bd243068174e6f8abe77810ab871d7","0d2a836846434d9094b07fdbb8bc280b","2017年美国32人			
","f6cfbc34972843baa12fc15389374404","2018-03-30 06:53:01","f6cfbc34972843baa12fc15389374404","2018-03-30 06:53:01",NULL,"0"
"660c312f27584f49b97334b1a023b952","85c082f9770d45d6875df2e9650d65ff","2017.2新西兰15人；2018.2新西兰23人
","f6cfbc34972843baa12fc15389374404","2018-06-26 14:14:26","f6cfbc34972843baa12fc15389374404","2018-06-26 14:14:26",NULL,"0"
"6808b7a7225e46089e4f217b38a5979a","b25ef62d5a334583bc1f977e11da3f38","2017年美国32人	","f6cfbc34972843baa12fc15389374404","2018-03-29 17:34:51","f6cfbc34972843baa12fc15389374404","2018-03-29 17:34:51",NULL,"0"
"6d96783639cb44ba8e9c51959805ac88","2685a777e1f748fe89fbe6ff51c8eae7","2016.2新西兰21人；2017.7澳大利亚38人","f6cfbc34972843baa12fc15389374404","2018-03-29 20:00:58","f6cfbc34972843baa12fc15389374404","2018-03-29 20:00:58",NULL,"0"
"6e3a21d82a094084bed71fddf77deb73","9a661aa4e26544658e3a655257e3cdcc","2015.7新西兰28人；2017.7新西兰25人	","f6cfbc34972843baa12fc15389374404","2018-03-29 20:26:22","f6cfbc34972843baa12fc15389374404","2018-03-29 20:26:22",NULL,"0"
"6ec503955b604e74ac4a3711b6021e10","987b59ea1a634a5b9e6d3618f7770f14","2014.7新西兰26人；2015.7新西兰27人；2016.7新西兰21人；2017.7新西兰14人	","f6cfbc34972843baa12fc15389374404","2018-03-29 16:46:47","f6cfbc34972843baa12fc15389374404","2018-03-29 16:46:47",NULL,"0"
"72a71e02219b491d86d09935c007e25f","32e65a9836284ef4a923545be3f53901","2014.7新西兰10人；2015.7新西兰36人			
","f6cfbc34972843baa12fc15389374404","2018-03-29 16:36:24","f6cfbc34972843baa12fc15389374404","2018-03-29 16:36:24",NULL,"0"
"730758a6561d4873a5e5ecef94944c3a","f650b8e4d894494a9b49a610f5de75fa","2014.7新西兰10人；2015.7新西兰36人			
","f6cfbc34972843baa12fc15389374404","2018-03-29 20:11:23","f6cfbc34972843baa12fc15389374404","2018-03-29 20:11:23",NULL,"0"
"7568c1f390024ab8bb12e75daf3ae1c7","efb8b2c964c44be49a3cc90b90d2b195","2014.7新西兰7人；2016.7新西兰16人
","f6cfbc34972843baa12fc15389374404","2018-03-28 17:43:52","f6cfbc34972843baa12fc15389374404","2018-03-28 17:44:16",NULL,"1"
"7977a08eab2f4eb1b488ff7a5d0db294","d0016634aaa843cab89403cb774443ee","2015.2新西兰38人","f6cfbc34972843baa12fc15389374404","2018-03-29 20:15:59","f6cfbc34972843baa12fc15389374404","2018-03-29 20:15:59",NULL,"0"
"7b856223b46748699070f49381baa8a0","595730f11a474b79bc21368cef7a29dc","2015.7新西兰10人
","f6cfbc34972843baa12fc15389374404","2018-03-29 09:09:02","f6cfbc34972843baa12fc15389374404","2018-03-29 09:09:37",NULL,"1"
"7dac47c38bd64af5ac9ba14d2d281f3d","c1eb1d43b7a94de49d498436640f701c","2015.7新西兰12人
","f6cfbc34972843baa12fc15389374404","2018-03-29 09:08:01","f6cfbc34972843baa12fc15389374404","2018-03-29 09:09:02",NULL,"1"
"82e36a2fbf9f4422beb86881e9569cf6","16bf1f0b3e614d929e675a378a2803ad","2015.2新西兰17人；2017.2新西兰14人","f6cfbc34972843baa12fc15389374404","2018-03-29 17:03:59","f6cfbc34972843baa12fc15389374404","2018-03-29 17:03:59",NULL,"0"
"86a70b0377564917bf76c9210995d92e","90af09d34d6547fb9c457357a88f3ae9","2015.2新西兰32人
","f6cfbc34972843baa12fc15389374404","2018-03-29 15:23:47","f6cfbc34972843baa12fc15389374404","2018-03-29 15:23:47",NULL,"0"
"89ec680c298a46eb94e78e78cb6f315f","efb8b2c964c44be49a3cc90b90d2b195","2014.7新西兰7人；2016.7新西兰16人
","f6cfbc34972843baa12fc15389374404","2018-03-28 17:50:00","f6cfbc34972843baa12fc15389374404","2018-03-29 09:07:27",NULL,"1"
"8b70192f8ece4299af36589aab3436f3","f97d7b0ed4b244bd8ef7d3fcb8438883","2015.7新西兰28人；2017.7新西兰25人","f6cfbc34972843baa12fc15389374404","2018-03-29 17:20:33","f6cfbc34972843baa12fc15389374404","2018-03-29 17:20:33",NULL,"0"
"913d505012444c2ebbec4aa74c3b8214","c1eb1d43b7a94de49d498436640f701c","2015.7新西兰12人
","f6cfbc34972843baa12fc15389374404","2018-03-28 16:42:48","f6cfbc34972843baa12fc15389374404","2018-03-28 17:43:37",NULL,"1"
"92c3bb1a99c94787b36fe1d50d0efabe","d935e60bdf0144508077c866ead7473e","2014.7澳新37人；2015.7英国40人；2016.7新西兰40人；2017.7新西兰36人","f6cfbc34972843baa12fc15389374404","2018-03-29 16:49:15","f6cfbc34972843baa12fc15389374404","2018-03-29 16:49:15",NULL,"0"
"9a19103f169e4b5e8955b12ce11b4e2b","9ab51c9793874aad8982305b2b6b1922","2015.7新西兰12人","f6cfbc34972843baa12fc15389374404","2018-03-29 20:05:20","f6cfbc34972843baa12fc15389374404","2018-03-29 20:05:20",NULL,"0"
"9bdaace2d2a544b1a0c4ff8a316ad930","647e341990f94d37b2a9711d69fc3526","2017.2新西兰13人；2018.2新西兰7人	","f6cfbc34972843baa12fc15389374404","2018-03-29 17:28:15","f6cfbc34972843baa12fc15389374404","2018-03-29 17:28:15",NULL,"0"
"9eb0cd89a4c943f4b6ade36642196a41","894dee5706b94dacb283fd925d2e3d31","2017.2新西兰23人			
","f6cfbc34972843baa12fc15389374404","2018-03-29 17:05:56","f6cfbc34972843baa12fc15389374404","2018-03-29 17:05:56",NULL,"0"
"a0b752d332114610bcbe889cfb3e0418","3c2b958cbcf844c5afbd0e6c1e17a642","2015.7澳大利亚22人；2016.7英国28人；2017.7美国22人
","f6cfbc34972843baa12fc15389374404","2018-03-28 17:44:16","f6cfbc34972843baa12fc15389374404","2018-03-28 17:46:17",NULL,"1"
"a112b9c00ac54d0ab27e085aebfb3f23","b1100439b3fb429e9ff776829d1f34e7","2016.7新西兰32人","f6cfbc34972843baa12fc15389374404","2018-03-29 17:05:00","f6cfbc34972843baa12fc15389374404","2018-03-29 17:05:00",NULL,"0"
"a2912e8cd4eb4ddf9bd41050f0054197","6a4b8548568b42b7a9f3ff780677e393","2015.7新西兰14人	","f6cfbc34972843baa12fc15389374404","2018-03-29 18:34:34","f6cfbc34972843baa12fc15389374404","2018-03-29 18:34:34",NULL,"0"
"a2fcd1b2f14943a5b6ac5131416e5cc8","c482c48f12dc4bc6a9d268ec1512209f","2015.2新西兰13人；2016.2新西兰8人；2017.2新西兰17人；2018.2新西兰18人	","f6cfbc34972843baa12fc15389374404","2018-03-30 06:56:13","f6cfbc34972843baa12fc15389374404","2018-03-30 06:56:13",NULL,"0"
"a788335e5d07457dbfef693be4847f41","76ad90e9c5554bfab445ccf2081814b8","2015.7新西兰15人；2018.2新西兰16人			","f6cfbc34972843baa12fc15389374404","2018-03-29 20:27:47","f6cfbc34972843baa12fc15389374404","2018-03-29 20:27:47",NULL,"0"
"a7b836091370478588af6f53ca4908cd","6aa7e07c3ce64371a5674787d5fe017c","2017.2新西兰13人；2018.2新西兰7人				
","f6cfbc34972843baa12fc15389374404","2018-03-30 06:48:08","f6cfbc34972843baa12fc15389374404","2018-03-30 06:48:08",NULL,"0"
"a7dca16421754f86aa920307f29e225f","a5ab53c2e13a4fef918535c1b241e61d","2015.7新西兰4人","f6cfbc34972843baa12fc15389374404","2018-03-29 18:55:19","f6cfbc34972843baa12fc15389374404","2018-03-29 18:55:19",NULL,"0"
"a7de1a895bcf4e569ba730a4570fd9fb","8acbbdaab24a43f98b99dd1f8bb4bfda","2015.2新西兰7人；2017.2新西兰13人	","f6cfbc34972843baa12fc15389374404","2018-03-29 18:10:18","f6cfbc34972843baa12fc15389374404","2018-03-29 18:10:18",NULL,"0"
"a9d6f454a0424f6ab525024255633ab8","d03e797ab52444628b95effc7870199c","2014.7新西兰33人；2015.7国际班澳11人，普通班新43人；2016.7新西兰47人（普通班），国际班15人 ；2017.7新西兰普通班27人，国际班16人","f6cfbc34972843baa12fc15389374404","2018-03-29 17:44:18","f6cfbc34972843baa12fc15389374404","2018-03-29 17:44:18",NULL,"0"
"ae060dcde414454ab5e7025ca2d9c5fd","90868b1ccd634125955de7d7b12c485c","2015.7新西兰16人；2017.2新西兰20人","f6cfbc34972843baa12fc15389374404","2018-03-30 06:54:19","f6cfbc34972843baa12fc15389374404","2018-03-30 06:54:19",NULL,"0"
"b31e7c26e73144bf9cfa3443a5b61de7","31f771b034d248bab5c03a29e0db55c1","2016.7新西兰3人，美国3人；2017.7新西兰3人","f6cfbc34972843baa12fc15389374404","2018-03-29 18:28:13","f6cfbc34972843baa12fc15389374404","2018-03-29 18:28:13",NULL,"0"
"b3485653ad444b2db03f807f17b9e9d3","a0dfa286af624e32b571095f21743d69","2016.2新西兰8人；2017.2新西兰20人；2018.2新西兰11人","f6cfbc34972843baa12fc15389374404","2018-03-30 06:58:59","f6cfbc34972843baa12fc15389374404","2018-03-30 06:58:59",NULL,"0"
"b5316fdb381445788511d893c20d39fd","74e9472264fe4e6b9cd96e57d861d74f","2015.7新西兰17人；2017.2新西兰20人","f6cfbc34972843baa12fc15389374404","2018-03-29 18:04:22","f6cfbc34972843baa12fc15389374404","2018-03-29 18:04:22",NULL,"0"
"b65c12c88f3d4ac3b8fc81df0437a15f","d0bdb3c0af2940f681197632dce32cef","2018.2新西兰48人（分两批走）","f6cfbc34972843baa12fc15389374404","2018-03-29 16:56:23","f6cfbc34972843baa12fc15389374404","2018-03-29 16:56:23",NULL,"0"
"bb5c8207bcdb471db1a3d2d94a922812","8d21c68ac96d4b149cae6fdcd3c03d73","2015.7新西兰17人；2016.7新西兰26人		
","f6cfbc34972843baa12fc15389374404","2018-03-29 17:18:50","f6cfbc34972843baa12fc15389374404","2018-03-29 17:18:50",NULL,"0"
"bb9d66145b8141bd96860563ba817fee","3a047240dd58431a92deefe7474d7c66","2017.7新西兰7人","f6cfbc34972843baa12fc15389374404","2018-03-29 16:50:38","f6cfbc34972843baa12fc15389374404","2018-03-29 16:50:38",NULL,"0"
"bd9b916e1c8b4cf3b289c84203a09cba","11cfca1a2f644911b07353b340a3f0a2","2015.2新西兰15人；2017.2新西兰10人","f6cfbc34972843baa12fc15389374404","2018-03-29 18:01:24","f6cfbc34972843baa12fc15389374404","2018-03-29 18:01:24",NULL,"0"
"c59e5a25763b4533a2ddfceb58dc320b","01179fa03e424009ac1fc5e02b8de683","2017.2新西兰4人；2018.2新西兰3人
","f6cfbc34972843baa12fc15389374404","2018-03-28 17:46:17","f6cfbc34972843baa12fc15389374404","2018-03-28 17:48:55",NULL,"1"
"c7316274b3e44b2dbb06b309e3c3faf6","822b10fb2fba4f2690323b67874ff7b5","2015.7新西兰10人
","f6cfbc34972843baa12fc15389374404","2018-03-29 09:09:37","f6cfbc34972843baa12fc15389374404","2018-03-29 09:09:37",NULL,"0"
"cdd27996aa884aee87af68022ca4a69d","c0cf31da4a4d411788a847b8cadb65ba","Auckland normal intermediate school奥克兰师范中学（17年峰会项目签约学校）","f6cfbc34972843baa12fc15389374404","2018-03-29 18:25:47","f6cfbc34972843baa12fc15389374404","2018-03-29 18:25:47",NULL,"0"
"d026251fb585407fb4f39bb08bdd9a8b","770ba8e5541b421bae0bed5f289453ad","2016.7新西兰20人；2017.7新西兰15人	","f6cfbc34972843baa12fc15389374404","2018-03-29 18:47:38","f6cfbc34972843baa12fc15389374404","2018-04-11 12:42:57",NULL,"0"
"d604789d1fe54d89a23e84a819e3a895","47ea0878dcfb4f208ed8b2f0eb60165f","2017.2新西兰31人；2018.2新西兰33人			","f6cfbc34972843baa12fc15389374404","2018-03-29 18:38:10","f6cfbc34972843baa12fc15389374404","2018-03-29 18:38:10",NULL,"0"
"d614ed1dca1940a19283ffbfe4dfa28e","d829bcf7837443888e27f60fbc297561","2015.2新西兰9人","f6cfbc34972843baa12fc15389374404","2018-05-10 10:59:25","f6cfbc34972843baa12fc15389374404","2018-05-10 10:59:25",NULL,"0"
"da5e1537a8fd44bfac1090720c33a015","29a102d4907843c1a07f8dd20d8a9800","2016.2新西兰21人；2017.7澳大利亚38人
","f6cfbc34972843baa12fc15389374404","2018-03-29 15:22:09","03373ef3d26e4a6cb6f8a6b4fb5f1314","2018-05-02 20:15:16",NULL,"0"
"e028d8772abe47e8b5b1ef227b282856","f17882a917d44a2195382ab23446bb61","2017.2新西兰41人；2018.2新西兰19人","cda9117ed9e54883a7b920fc2c1e2cb2","2018-03-30 08:32:17","cda9117ed9e54883a7b920fc2c1e2cb2","2018-03-30 08:32:17",NULL,"0"
"e10fe41dc3d14bb890cddc6ead3a6257","01179fa03e424009ac1fc5e02b8de683","2017.2新西兰4人；2018.2新西兰3人
","f6cfbc34972843baa12fc15389374404","2018-03-29 15:28:41","f6cfbc34972843baa12fc15389374404","2018-03-29 15:28:41",NULL,"0"
"e4ff4e2d83be401a9d5af6769f7fbb49","8306605064ba49db85067c2e963db739","2015.2新西兰9人","f6cfbc34972843baa12fc15389374404","2018-03-30 06:49:50","f6cfbc34972843baa12fc15389374404","2018-03-30 06:49:50",NULL,"0"
"e517b9ec1fd5498781636a719dea2daf","c1eb1d43b7a94de49d498436640f701c","","f6cfbc34972843baa12fc15389374404","2018-03-28 16:42:48","f6cfbc34972843baa12fc15389374404","2018-03-28 17:43:37",NULL,"1"
"e71f6183e6db4937b06b654caa892378","c9c8400340cb45bbb52e57a732bf2a3a","2017.7新西兰31人","f6cfbc34972843baa12fc15389374404","2018-03-29 16:09:44","f6cfbc34972843baa12fc15389374404","2018-03-29 16:09:44",NULL,"0"
"e7ac8936965e4ffbb0fe04c601da6f20","0157b98b2dea4459a48e0178fcc0dc08","2017.2新西兰12人；2018.2英国14人","f6cfbc34972843baa12fc15389374404","2018-03-29 17:45:39","f6cfbc34972843baa12fc15389374404","2018-03-29 17:45:39",NULL,"0"
"e7d4a78751e844e8a9f693da3b9b20ff","13dcb645efcc497580298fb8b37f4644","2014.7新西兰5人；2015.2新西兰32人；2017.7新西兰29人","f6cfbc34972843baa12fc15389374404","2018-03-29 17:31:34","f6cfbc34972843baa12fc15389374404","2018-03-29 17:31:34",NULL,"0"
"e8101c02a76e4d619e0803a54cf3c5cd","5b10b54e21044d90858fa1f045df508f","2016.7新西兰32人","f6cfbc34972843baa12fc15389374404","2018-03-29 20:19:49","f6cfbc34972843baa12fc15389374404","2018-03-29 20:19:49",NULL,"0"
"e856e5e0dd2442aab0303f974c5bba5c","7183e3b195284905a87c7559852dceeb","2015.7新西兰10人","f6cfbc34972843baa12fc15389374404","2018-03-29 19:48:39","f6cfbc34972843baa12fc15389374404","2018-03-29 19:48:39",NULL,"0"
"f42ad5142986462989310f4495c5170f","e5fcd58b10684531a9468fc656d74fdc","2015.2新西兰9人","f6cfbc34972843baa12fc15389374404","2018-03-29 17:29:25","f6cfbc34972843baa12fc15389374404","2018-03-29 17:29:25",NULL,"0"
